<?xml version="1.0" encoding="UTF-8"?>
<project-private xmlns="http://www.netbeans.org/ns/project-private/1">
    <editor-bookmarks xmlns="http://www.netbeans.org/ns/editor-bookmarks/2" lastBookmarkId="1">
        <file>
            <url>src/funkcionalnosti/Funkcionalnosti.java</url>
            <bookmark id="1">
                <name/>
                <line>349</line>
                <key/>
            </bookmark>
        </file>
    </editor-bookmarks>
    <open-files xmlns="http://www.netbeans.org/ns/projectui-open-files/2">
        <group>
            <file>file:/C:/Users/popina/Dropbox/Fakultet/Softverski%20alati%20baza%20podataka/Projekat/SAB_Domaci1617/src/student/util/DB.java</file>
            <file>file:/C:/Users/popina/Dropbox/Fakultet/Softverski%20alati%20baza%20podataka/Projekat/SAB_Domaci1617/src/funkcionalnosti/Funkcionalnosti.java</file>
            <file>file:/C:/Users/popina/Dropbox/Fakultet/Softverski%20alati%20baza%20podataka/Projekat/SAB_Domaci1617/src/student/Zd130033.java</file>
        </group>
    </open-files>
</project-private>
